{"cameraMode":{"drawMode":0,"name":"Shaded","section":"Shading Mode"},"sceneLighting":false,"audioPlay":false,"sceneViewState":{"m_AlwaysRefresh":false,"showFog":true,"showSkybox":false,"showFlares":true,"showImageEffects":true,"showParticleSystems":true,"showVisualEffectGraphs":true,"m_FxEnabled":true},"in2DMode":false,"pivot":{"x":32.79698181152344,"y":23.22719955444336,"z":129.67340087890626},"rotation":{"x":0.07168244570493698,"y":-0.12415941059589386,"z":0.009029294364154339,"w":0.9896718859672546},"size":1.5108639001846314,"orthographic":false}